<?xml version="1.0" encoding="UTF-8"?>
<beans xmlns:xsi="http://www.w3.org/2001/XMLSchema-instance"
       xmlns="http://www.springframework.org/schema/beans" xmlns:context="http://www.springframework.org/schema/context"
       xmlns:mvc="http://www.springframework.org/schema/mvc"
       xsi:schemaLocation="http://www.springframework.org/schema/beans http://www.springframework.org/schema/beans/spring-beans.xsd http://www.springframework.org/schema/context http://www.springframework.org/schema/context/spring-context.xsd http://www.springframework.org/schema/mvc http://www.springframework.org/schema/mvc/spring-mvc.xsd">


    <bean class="org.springframework.context.support.PropertySourcesPlaceholderConfigurer">
        <property name="locations" value="classpath:girlshavingfun.properties"/>
    </bean>

    <!-- Use spring servlet for all requests, including static resources -->
    <mvc:default-servlet-handler/>

    <!-- User @Controller, @Service annotations -->
    <mvc:annotation-driven/>

    <mvc:interceptors>
        <bean class="io.codeforall.constfive.LogRequestsInterceptor"/>
    </mvc:interceptors>

    <!-- Base package to search for spring beans -->
    <context:component-scan base-package="io.codeforall.constfive"/>

</beans>
